id;site;xx;template;engine
1840;:za:CF:Finance:SAP Bank Analyzer:UTR06109;15;_-new-template_-discovery-scan-with-credentials-copy;
1841;:za:CF:Compliance:AML (Actimize) NASM - Africa Regions:UTR06294;15;_-new-template_-discovery-scan-with-credentials-copy;
1842;:za:CF:Compliance:AML (Actimize) NASM - South Africa:UTR07541;15;_-new-template_-discovery-scan-with-credentials-copy;
1843;:za:CF:Finance:Plato:UTR06118;15;_-new-template_-discovery-scan-with-credentials-copy;
1844;:za:CF:Finance:PEW - Entry Warehouse:UTR06078;15;_-new-template_-discovery-scan-with-credentials-copy;
1845;:za:CF:Compliance:AML (Qlikview) Compliance Reporting:UTR07055;15;_-new-template_-discovery-scan-with-credentials-copy;
1846;:za:CF:Compliance:AML (Safewatch) Sanctions Screening:UTR07154;15;_-new-template_-discovery-scan-with-credentials-copy;
1847;:za:CF:Finance:SAP Sybase IQ:UTR06032;15;_-new-template_-discovery-scan-with-credentials-copy;
1848;:za:CF:Finance:SAP Finance BW:UTR06112;15;_-new-template_-discovery-scan-with-credentials-copy;
1849;:za:CF:Finance:GBM - Generic Business Model:UTR06075;15;_-new-template_-discovery-scan-with-credentials-copy;
1850;:za:CF:Finance:Oracle Fusion Subledger:UTR06033;15;_-new-template_-discovery-scan-with-credentials-copy;
1851;:za:CF:Finance:SAP Finance GRC - Governance Risk and Compliance:UTR02747;15;_-new-template_-discovery-scan-with-credentials-copy;
1852;:za:CF:Finance:SAP ECC - Enterprise Central Component (Finance):UTR06269;15;_-new-template_-discovery-scan-with-credentials-copy;
1853;:ke:CF:Finance:CRR - Credit Risk Reporting:UTR06074;48;authentication-test-ssh;
1854;:za:CF:Finance:SAP Finance BOBJ:UTR00008;15;_-new-template_-discovery-scan-with-credentials-copy;
1855;:za:CF:Compliance:AML (Actimize) Africa Regions Tanzania:UTR07050;15;_-new-template_-discovery-scan-with-credentials-copy;
1856;:za:CF:Compliance:AML Suspicious Transaction Report (Intranet):UTR04255;15;_-new-template_-discovery-scan-with-credentials-copy;
1857;:za:CF:Compliance:Compliance Group Restricted list:UTR06855;15;_-new-template_-discovery-scan-with-credentials-copy;
1858;:za:CF:Finance:SAP Finance PCM:UTR06047;15;_-new-template_-discovery-scan-with-credentials-copy;
1859;:za:CF:Compliance:AML (Actimize) Africa Regions Botswana:UTR07049;15;_-new-template_-discovery-scan-with-credentials-copy;
1860;:za:CF:Finance:SAP Finance Solman - Solution Manager:UTR06068;15;_-new-template_-discovery-scan-with-credentials-copy;
1861;:za:CF:Finance:CRR - Credit Risk Reporting:UTR06074;15;_-new-template_-discovery-scan-with-credentials-copy;
1862;:za:CF:Finance:Risk Frontier:UTR06043;15;_-new-template_-discovery-scan-with-credentials-copy;
1863;:za:CF:Finance:Moody's Risk Authority:UTR06927;15;_-new-template_-discovery-scan-with-credentials-copy;
1864;:za:CF:Compliance:AML (RelyComply) Remittance:UTR07328;15;_-new-template_-discovery-scan-with-credentials-copy;
1865;:za:CF:Compliance:AML ODS - Operational Data Store:UTR07435;15;_-new-template_-discovery-scan-with-credentials-copy;
1866;:za:CF:Finance:SAP DI (Finance):UTR06092;15;_-new-template_-discovery-scan-with-credentials-copy;
1867;:za:CF:Finance:SAP Finance PI - Process Integration:UTR06079;15;_-new-template_-discovery-scan-with-credentials-copy;
1868;:za:CF:Finance:DIX:UTR03620;15;_-new-template_-discovery-scan-with-credentials-copy;
1869;:za:CF:Finance:CRT - Client Revenue Tracking:UTR06038;15;_-new-template_-discovery-scan-with-credentials-copy;
1870;:za:CF:Brand and Marketing:Public Web Platform - WEM - Web Experience Management:UTR01621;15;_-new-template_-discovery-scan-with-credentials-copy;
1871;:za:IAM:Standard Insurance Limited:Sapphire:UTR05667;15;_-new-template_-discovery-scan-with-credentials-copy;
1872;:za:IAM:Standard Bank Insurance Brokers:MAVEN Insight 2000:UTR05377;15;_-new-template_-discovery-scan-with-credentials-copy;
1873;:za:IAM:Wealth and Investment:My360 App:UTR05892;15;_-new-template_-discovery-scan-with-credentials-copy;
1874;:za:IAM:Melville Douglas:BAOBAB:UTR06452;15;_-new-template_-discovery-scan-with-credentials-copy;
1875;:za:IAM:Standard Bank Financial Consultancy:Goalsetter:UTR05885;15;_-new-template_-discovery-scan-with-credentials-copy;
1876;:za:IAM:Wealth and Investment:Grow My Money:UTR05951;15;_-new-template_-discovery-scan-with-credentials-copy;
1877;:za:IAM:Melville Douglas:FPM - Fundamental Portfolio Management:UTR06931;15;_-new-template_-discovery-scan-with-credentials-copy;
1878;:za:IAM:Standard Insurance Limited:System A:UTR05605;15;_-new-template_-discovery-scan-with-credentials-copy;
1879;:za:IAM:Standard Insurance Limited:4sure:UTR00459;15;_-new-template_-discovery-scan-with-credentials-copy;
1880;:za:BCB:BCB Merchant Solutions:Generic Switch:UTR07455;15;_-new-template_-discovery-scan-with-credentials-copy;
1881;:za:BCB:BCB Lending:E3 SA:UTR05311;15;_-new-template_-discovery-scan-with-credentials-copy;
1882;:za:BCB:BCB Digital and eCommerce:Online Banking:UTR06503;15;_-new-template_-discovery-scan-with-credentials-copy;
1883;:za:BCB:BCB VAF and Fleet:VAF S2K:UTR05383;15;_-new-template_-discovery-scan-with-credentials-copy;
1884;:za:BCB:BCB Merchant Solutions:Postilion GMS Real-Time:UTR02959;15;_-new-template_-discovery-scan-with-credentials-copy;
1885;:za:BCB:BCB VAF and Fleet:VAF Workflow - FileNet Image Services Content Services:UTR01092;15;_-new-template_-discovery-scan-with-credentials-copy;
1886;:za:BCB:BCB Merchant Solutions:EMV Transaction Manager:UTR07443;15;_-new-template_-discovery-scan-with-credentials-copy;
1887;:za:BCB:BCB Merchant Solutions:Payment Application Manager:UTR08178;15;_-new-template_-discovery-scan-with-credentials-copy;
1888;:za:BCB:BCB Merchant Solutions:Postilion POS Termapp:UTR05621;15;_-new-template_-discovery-scan-with-credentials-copy;
1889;:za:BCB:BCB VAF and Fleet:Apak:UTR06141;15;_-new-template_-discovery-scan-with-credentials-copy;
1890;:ao:BCB:BCB Africa Regions:SB24:UTR07427;52;authentication-test-ssh;
1891;:za:COO:Data and Analytics:CDS - Credit Data Store:UTR03548;15;_-new-template_-discovery-scan-with-credentials-copy;
1892;:za:COO:Data and Analytics:Qlik Replicate:UTR06517;15;_-new-template_-discovery-scan-with-credentials-copy;
1893;:za:COO:Employee Experience:Microsoft Exchange:UTR05713;15;_-new-template_-discovery-scan-with-credentials-copy;
1894;:za:COO:Data and Analytics:Big Data - Hadoop:UTR00716;15;_-new-template_-discovery-scan-with-credentials-copy;
1895;:za:COO:Employee Experience:Citrix Remote Access (VPN):UTR06537;15;_-new-template_-discovery-scan-with-credentials-copy;
1896;:za:COO:Data and Analytics:SAS - Advanced Analytics Enablement:UTR06842;15;_-new-template_-discovery-scan-with-credentials-copy;
1897;:za:COO:Data and Analytics:Elastic Stack:UTR06183;15;_-new-template_-discovery-scan-with-credentials-copy;
1898;:za:COO:IT Security:CyberArk:UTR07135;15;_-new-template_-discovery-scan-with-credentials-copy;
1899;:za:COO:Data and Analytics:MDM - Master Data Management:UTR03352;15;_-new-template_-discovery-scan-with-credentials-copy;
1900;:za:COO:Data and Analytics:Master Reference Information (SA RDM):UTR03352;15;_-new-template_-discovery-scan-with-credentials-copy;
1901;:za:COO:Data and Analytics:Ab Initio:UTR06122;15;_-new-template_-discovery-scan-with-credentials-copy;
1902;:gh:COO:Data and Analytics:Cognos:UTR06154;19;authentication-test-ssh;
1903;:mw:COO:IT Security:CyberArk:UTR07135;18;authentication-test-ssh;
1904;:zm:COO:Data and Analytics:Attunity:UTR06517;36;authentication-test-ssh;
1905;:ke:COO:Data and Analytics:Qlik Kenya:UTR06173;48;authentication-test-ssh;
1906;:ao:COO:Data and Analytics:Qlikview:UTR06173;52;authentication-test-ssh;
1907;:za:COO:Data and Analytics:Data Asset Management:UTR06937;15;_-new-template_-discovery-scan-with-credentials-copy;
1908;:za:COO:Data and Analytics:Qlikview:UTR06173;15;_-new-template_-discovery-scan-with-credentials-copy;
1909;:za:COO:Employee Experience:Striata:UTR05800;15;_-new-template_-discovery-scan-with-credentials-copy;
1910;:za:COO:Data and Analytics:Cognos:UTR06154;15;_-new-template_-discovery-scan-with-credentials-copy;
1911;:za:COO:Data and Analytics:PowerDesigner:UTR02551;15;_-new-template_-discovery-scan-with-credentials-copy;
1912;:bw:COO:IT Security:CyberArk:UTR07135;76;authentication-test-ssh;
1913;:bw:COO:Data and Analytics:Cognos:UTR06154;76;authentication-test-ssh;
1914;:mw:COO:Data and Analytics:Qlik:UTR06173;18;authentication-test-ssh;
1915;:zm:COO:IT Security:CyberArk:UTR07135;36;authentication-test-ssh;
1916;:gh:COO:IT Security:CyberArk:UTR07135;19;authentication-test-ssh;
1917;:tz:COO:Data and Analytics:Cognos:UTR06154;39;authentication-test-ssh;
1918;:zm:COO:Data and Analytics:Cognos:UTR06154;36;authentication-test-ssh;
1919;:mw:COO:Data and Analytics:Attunity:UTR06517;18;authentication-test-ssh;
1920;:za:CIB:Global Markets:OST - Online Share Trading:UTR06229;15;_-new-template_-discovery-scan-with-credentials-copy;
1921;:za:CIB:Transaction Banking:Host to Host B2BI (Business to Business):UTR06805;15;_-new-template_-discovery-scan-with-credentials-copy;
1922;:za:CIB:Global Markets:Equities Institutional Applications & Feeds:UTR07422;15;_-new-template_-discovery-scan-with-credentials-copy;
1923;:za:CIB:Global Markets:FX Pricing and Execution API:UTR06464;15;_-new-template_-discovery-scan-with-credentials-copy;
1924;:za:CIB:Global Markets:FEDS - Foreign Exchange Dealer System:UTR06435;15;_-new-template_-discovery-scan-with-credentials-copy;
1925;:za:CIB:Investment Banking:ACBS - Advanced Commercial Banking System:UTR06208;15;_-new-template_-discovery-scan-with-credentials-copy;
1926;:za:CIB:CIB TS - Operations:Libra SA:UTR07038;15;_-new-template_-discovery-scan-with-credentials-copy;
1927;:za:CIB:CIB TS - Operations:Libra AR:UTR07475;15;_-new-template_-discovery-scan-with-credentials-copy;
1928;:za:CIB:CIB TS - Operations:EE - EximBills Enterprise:UTR07226;15;_-new-template_-discovery-scan-with-credentials-copy;
1929;:za:CIB:CIB TS - Operations:Fircosoft:UTR01119;15;_-new-template_-discovery-scan-with-credentials-copy;
1930;:za:CIB:Global Markets:Alchemy:UTR06186;15;_-new-template_-discovery-scan-with-credentials-copy;
1931;:za:CIB:CIB TS - Infrastructure:Control-M Scheduler South Africa:UTR07658;15;_-new-template_-discovery-scan-with-credentials-copy;
1932;:za:CIB:Transaction Banking:NBOL - New Business Online:UTR04660;15;_-new-template_-discovery-scan-with-credentials-copy;
1933;:za:CIB:Transaction Banking:BOL - Business Online:UTR06916;15;_-new-template_-discovery-scan-with-credentials-copy;
1934;:za:CIB:CIB TS - Corporate Functions:RDP - Risk Data Platform:UTR04051;15;_-new-template_-discovery-scan-with-credentials-copy;
1935;:za:CIB:CIB TS - Operations:LCM:UTR04379;15;_-new-template_-discovery-scan-with-credentials-copy;
1936;:za:CIB:CIB TS - Operations:AMH SA:UTR07297;15;_-new-template_-discovery-scan-with-credentials-copy;
1937;:za:CIB:CIB TS - Operations:JAS - Java Application Server:UTR03752;15;_-new-template_-discovery-scan-with-credentials-copy;
1938;:za:CIB:Global Markets:Murex EQD:UTR06224;15;_-new-template_-discovery-scan-with-credentials-copy;
1939;:za:CIB:Global Markets:eMarketTrader:UTR03404;15;_-new-template_-discovery-scan-with-credentials-copy;
1940;:za:CIB:Global Markets:Murex Core:UTR03366;15;_-new-template_-discovery-scan-with-credentials-copy;
1941;:za:CIB:Global Markets:Calypso AR:UTR05431;15;_-new-template_-discovery-scan-with-credentials-copy;
1942;:za:CIB:Global Markets:Murex GTS SA:UTR06226;15;_-new-template_-discovery-scan-with-credentials-copy;
1943;:za:CIB:Transaction Banking:GPP - Mass Payments:UTR05320;15;_-new-template_-discovery-scan-with-credentials-copy;
1944;:za:CIB:Global Markets:Market Rates Services:UTR06390;15;_-new-template_-discovery-scan-with-credentials-copy;
1945;:za:CIB:Global Markets:DPL - Data Provisioning Layer:UTR07013;15;_-new-template_-discovery-scan-with-credentials-copy;
1946;:za:CIB:CIB TS - Corporate Functions:CRS - Credit Rating System:UTR02122;15;_-new-template_-discovery-scan-with-credentials-copy;
1947;:za:CIB:CIB TS - Operations:Workfusion Robotics:UTR02074;15;_-new-template_-discovery-scan-with-credentials-copy;
1948;:za:CIB:Transaction Banking:BaNCS - Bank Alpha Network Custody System:UTR07395;15;_-new-template_-discovery-scan-with-credentials-copy;
1949;:za:CIB:Transaction Banking:HiPortfolio:UTR07343;15;_-new-template_-discovery-scan-with-credentials-copy;
1950;:za:CIB:Transaction Banking:BaNCS Securities Lending:UTR07099;15;_-new-template_-discovery-scan-with-credentials-copy;
1951;:za:CIB:CIB TS - Corporate Functions:Spreadpac:UTR06353;15;_-new-template_-discovery-scan-with-credentials-copy;
1952;:za:CIB:Global Markets:Calypso SA FX IRD:UTR05434;15;_-new-template_-discovery-scan-with-credentials-copy;
1953;:za:CIB:CIB TS - Operations:AMH - Alliance Messaging Hub AR:UTR02422;15;_-new-template_-discovery-scan-with-credentials-copy;
1954;:za:CIB:Global Markets:Hoops:UTR06187;15;_-new-template_-discovery-scan-with-credentials-copy;
1955;:za:CIB:Transaction Banking:Amdocs:UTR05392;15;_-new-template_-discovery-scan-with-credentials-copy;
1956;:za:CIB:Global Markets:Murex MM - Money Markets:UTR06225;15;_-new-template_-discovery-scan-with-credentials-copy;
1957;:za:CIB:CIB TS - Service Delivery:MQ Gateway:UTR04982;15;_-new-template_-discovery-scan-with-credentials-copy;
1958;:za:CIB:Transaction Banking:PayEX:UTR04241;15;_-new-template_-discovery-scan-with-credentials-copy;
1959;:za:CIB:CIB TS - Operations:RTGS - Real Time Gross Settlement:UTR07227;15;_-new-template_-discovery-scan-with-credentials-copy;
1960;:za:CIB:CIB TS - Operations:QMAN - Customer Query Management System Core:UTR07225;15;_-new-template_-discovery-scan-with-credentials-copy;
1961;:za:CIB:CIB TS - Operations:OSD - Operational Static Data:UTR02192;15;_-new-template_-discovery-scan-with-credentials-copy;
1962;:za:CIB:CIB TS - Operations:ZAPS - South African Payment System:UTR06184;15;_-new-template_-discovery-scan-with-credentials-copy;
1963;:za:CIB:CIB TS - Operations:ISW - Interest Statement Warehouse:UTR03310;15;_-new-template_-discovery-scan-with-credentials-copy;
1964;:za:CIB:Transaction Banking:ICM - International Cash Management:UTR05610;15;_-new-template_-discovery-scan-with-credentials-copy;
1965;:za:CIB:CIB TS - Operations:PRISM:UTR05612;15;_-new-template_-discovery-scan-with-credentials-copy;
1966;:za:CIB:CIB TS - Operations:CFC - Customer Foreign Currency:UTR05609;15;_-new-template_-discovery-scan-with-credentials-copy;
1967;:za:CIB:Global Markets:Algorithmic Trading (BlueAlgo):UTR06275;15;_-new-template_-discovery-scan-with-credentials-copy;
1968;:za:CIB:Global Markets:CDP - Content and Distribution Portal:UTR01923;15;_-new-template_-discovery-scan-with-credentials-copy;
1969;:za:CIB:Global Markets:CDP - Content Distribution Portal (ICBCS):UTR07042;15;_-new-template_-discovery-scan-with-credentials-copy;
1970;:zm:CIB:Transaction Banking:NBOL - New Business Online:UTR04660;36;authentication-test-ssh;
1971;:za:CIB:Transaction Banking:IS Online:UTR06328;15;_-new-template_-discovery-scan-with-credentials-copy;
1972;:za:CIB:Transaction Banking:GCMS - Global Clearing Management System:UTR06331;15;_-new-template_-discovery-scan-with-credentials-copy;
1973;:za:CIB:CIB TS - Operations:FX ARM:UTR01064;15;_-new-template_-discovery-scan-with-credentials-copy;
1974;:za:CIB:Transaction Banking:Linx SBG:UTR03334;15;_-new-template_-discovery-scan-with-credentials-copy;
1975;:za:CIB:Transaction Banking:Linx Liberty:UTR06329;15;_-new-template_-discovery-scan-with-credentials-copy;
1976;:za:CIB:Transaction Banking:Confluence Portfolio Control:UTR06324;15;_-new-template_-discovery-scan-with-credentials-copy;
1977;:za:CIB:Transaction Banking:Host to Host / Discovery Challenger:UTR02631;15;_-new-template_-discovery-scan-with-credentials-copy;
1978;:za:CIB:CIB TS - Operations:Cash Integrated System - ISA:UTR04324;15;_-new-template_-discovery-scan-with-credentials-copy;
1979;:za:CIB:Transaction Banking:Confluence Foundation:UTR07309;15;_-new-template_-discovery-scan-with-credentials-copy;
1980;:za:CIB:Global Markets:Calypso SA MM:UTR06245;15;_-new-template_-discovery-scan-with-credentials-copy;
1981;:bw:CIB:CIB TS - Operations:RTGS - Real Time Gross Settlement:UTR07227;76;authentication-test-ssh;
1982;:za:CIB:Global Markets:Blue Curve:UTR04170;15;_-new-template_-discovery-scan-with-credentials-copy;
1983;:ke:CIB:Transaction Banking:BOL - Business Online:UTR06916;48;authentication-test-ssh;
1984;:na:CIB:Transaction Banking:Enhanced Collections:UTR03648;123;authentication-test-ssh;
1985;:za:CIB:Global Markets:RET - Refinitiv Electronic Trading:UTR07228;15;_-new-template_-discovery-scan-with-credentials-copy;
1986;:za:CIB:CIB TS - Operations:SSER - Safe Settlements Repository:UTR08381;15;_-new-template_-discovery-scan-with-credentials-copy;
1987;:za:CIB:CIB TS - Operations:VOLI:UTR06849;15;_-new-template_-discovery-scan-with-credentials-copy;
1988;:za:CIB:CIB TS - Corporate Functions:Credit Risk Manager:UTR05384;15;_-new-template_-discovery-scan-with-credentials-copy;
1989;:intl:CIB:CIB TS - Operations:Workfusion Robotics:UTR02074;127;authentication-test-ssh;
1990;:ao:CIB:Transaction Banking:Host to Host Angola:UTR06805;52;authentication-test-ssh;
1991;:za:PPB:Standard Bank Offshore:SAP Wealth BS - Banking Services:UTR03185;15;_-new-template_-discovery-scan-with-credentials-copy;
1992;:za:PPB:Standard Trust Limited:Legalease:UTR06456;15;_-new-template_-discovery-scan-with-credentials-copy;
1993;:za:PPB:Infrastructure Production Services:Remedy:UTR05075;15;_-new-template_-discovery-scan-with-credentials-copy;
1994;:za:PPB:Fraud Management:Fraud Lead System:UTR03686;15;_-new-template_-discovery-scan-with-credentials-copy;
1995;:za:PPB:Integration Platforms:Connect Direct South Africa:UTR06539;15;_-new-template_-discovery-scan-with-credentials-copy;
1996;:za:PPB:IT Security:PKO - Public Key Operation:UTR05786;15;_-new-template_-discovery-scan-with-credentials-copy;
1997;:za:PPB:Lending Products:Home Services Facades and APIs:UTR01277;15;_-new-template_-discovery-scan-with-credentials-copy;
1998;:za:PPB:Lending Products:Home Services OS/2:UTR03895;15;_-new-template_-discovery-scan-with-credentials-copy;
1999;:za:PPB:Infrastructure Production Services:IBM Integration Bus South Africa:UTR01951;15;_-new-template_-discovery-scan-with-credentials-copy;
2000;:za:PPB:Africa Regions:Finacle Core Banking:UTR05463;15;_-new-template_-discovery-scan-with-credentials-copy;
2001;:za:PPB:Everyday Banking:AO AMS - Omni Channel:UTR07213;15;_-new-template_-discovery-scan-with-credentials-copy;
2002;:za:PPB:Digital and eCommerce:Online Banking IBR:UTR05976;15;_-new-template_-discovery-scan-with-credentials-copy;
2003;:za:PPB:Payments:PBB Digital Transactional Banking - Payments:UTR06365;15;_-new-template_-discovery-scan-with-credentials-copy;
2004;:za:PPB:Africa Regions:AR Internet Banking:UTR04567;15;_-new-template_-discovery-scan-with-credentials-copy;
2005;:za:PPB:Payments:Immediate Payments:UTR06526;15;_-new-template_-discovery-scan-with-credentials-copy;
2006;:za:PPB:Digital and eCommerce:Customer Mobile Platform:UTR06401;15;_-new-template_-discovery-scan-with-credentials-copy;
2007;:za:PPB:Lending Products:Home Services Domain Mobile APIs:UTR07403;15;_-new-template_-discovery-scan-with-credentials-copy;
2008;:za:PPB:Payments:VAS Strategic Platform:UTR06880;15;_-new-template_-discovery-scan-with-credentials-copy;
2009;:za:PPB:Payments:Order Management:UTR07663;15;_-new-template_-discovery-scan-with-credentials-copy;
2010;:za:PPB:Fraud Management:FICO Falcon Fraud Manager:UTR06235;15;_-new-template_-discovery-scan-with-credentials-copy;
2011;:za:PPB:Digital and eCommerce:USSD:UTR06220;15;_-new-template_-discovery-scan-with-credentials-copy;
2012;:za:PPB:Lending Products:Home Services CDL (Cyber Deeds Lodgement):UTR04033;15;_-new-template_-discovery-scan-with-credentials-copy;
2013;:za:PPB:Core Banking:SAP Core Banking BW - SAP Business Warehouse:UTR01166;15;_-new-template_-discovery-scan-with-credentials-copy;
2014;:za:PPB:IT Security:NOK NOK:UTR07102;15;_-new-template_-discovery-scan-with-credentials-copy;
2015;:za:PPB:IT Security:Ping Access:UTR05965;15;_-new-template_-discovery-scan-with-credentials-copy;
2016;:za:PPB:IT Security:Ping Directory:UTR07207;15;_-new-template_-discovery-scan-with-credentials-copy;
2017;:za:PPB:IT Security:Pin View ZKP HSM:UTR07153;15;_-new-template_-discovery-scan-with-credentials-copy;
2018;:za:PPB:IT Security:Axiomatics:UTR05968;15;_-new-template_-discovery-scan-with-credentials-copy;
2019;:za:PPB:Infrastructure Production Services:Mobius View:UTR05994;15;_-new-template_-discovery-scan-with-credentials-copy;
2020;:za:PPB:Infrastructure Production Services:IBM Sterling File Gateway:UTR07246;15;_-new-template_-discovery-scan-with-credentials-copy;
2021;:za:PPB:Lending Products:Home Services ILO (Internet Loan Origination):UTR06153;15;_-new-template_-discovery-scan-with-credentials-copy;
2022;:za:PPB:Credit:PowerCurve (PCO):UTR05984;15;_-new-template_-discovery-scan-with-credentials-copy;
2023;:za:PPB:Credit:CACS - Computer Assisted Collections System:UTR06501;15;_-new-template_-discovery-scan-with-credentials-copy;
2024;:za:PPB:Africa Regions:Online Banking (Finacle E-Banking / OCH):UTR04830;15;_-new-template_-discovery-scan-with-credentials-copy;
2025;:za:PPB:IT Security:Ping Federate:UTR05966;15;_-new-template_-discovery-scan-with-credentials-copy;
2026;:za:PPB:Lending Products:Base24 EPS:UTR05301;15;_-new-template_-discovery-scan-with-credentials-copy;
2027;:za:PPB:Infrastructure Production Services:IBM MQ South Africa:UTR01192;15;_-new-template_-discovery-scan-with-credentials-copy;
2028;:za:PPB:Client Coverage:Omni Channel:UTR07009;15;_-new-template_-discovery-scan-with-credentials-copy;
2029;:za:PPB:Africa Regions:ESB Africa:UTR04796;15;_-new-template_-discovery-scan-with-credentials-copy;
2030;:za:PPB:Core Banking:TBMS-F:UTR05559;15;_-new-template_-discovery-scan-with-credentials-copy;
2031;:za:PPB:Credit:CDE - Customer Decision Engine:UTR06602;15;_-new-template_-discovery-scan-with-credentials-copy;
2032;:za:PPB:Infrastructure Production Services:MQ - Messaging Queue:UTR01192;15;_-new-template_-discovery-scan-with-credentials-copy;
2033;:za:PPB:Infrastructure Production Services:Workfusion (Robotics RPA):UTR01595;15;_-new-template_-discovery-scan-with-credentials-copy;
2034;:za:PPB:Infrastructure Production Services:TWS - Tivoli Workload Scheduler:UTR05808;15;_-new-template_-discovery-scan-with-credentials-copy;
2035;:za:PPB:Africa Regions:Blueflow:UTR06692;15;_-new-template_-discovery-scan-with-credentials-copy;
2036;:za:PPB:Client Coverage:Customer 1st:UTR06264;15;_-new-template_-discovery-scan-with-credentials-copy;
2037;:za:PPB:Lending Products:Home Services User Interface DDA:UTR06150;15;_-new-template_-discovery-scan-with-credentials-copy;
2038;:za:PPB:Core Banking:SAP CRM 7:UTR05594;15;_-new-template_-discovery-scan-with-credentials-copy;
2039;:za:PPB:Core Banking:SAP BS - Banking Services:UTR05329;15;_-new-template_-discovery-scan-with-credentials-copy;
2040;:za:PPB:Standard Trust Limited:Chameleon:UTR06492;15;_-new-template_-discovery-scan-with-credentials-copy;
2041;:za:PPB:Credit:EDAS - Event Delivery Actioning System:UTR05281;15;_-new-template_-discovery-scan-with-credentials-copy;
2042;:za:PPB:Infrastructure Production Services:IBM MQFTE South Africa:UTR03405;15;_-new-template_-discovery-scan-with-credentials-copy;
2043;:za:PPB:Africa Regions:Finacle Moby Banker:UTR05354;15;_-new-template_-discovery-scan-with-credentials-copy;
2044;:za:PPB:Africa Regions:Finacle Mobile Banking (USSD):UTR05479;15;_-new-template_-discovery-scan-with-credentials-copy;
2045;:za:PPB:Credit:PDG - Personal Decision Gateway:UTR05981;15;_-new-template_-discovery-scan-with-credentials-copy;
2046;:za:PPB:ROA:FAS - Finacle Alert Server:UTR05461;15;_-new-template_-discovery-scan-with-credentials-copy;
2047;:za:PPB:IT Security:Venafi Trust Protection Platform:UTR06545;15;_-new-template_-discovery-scan-with-credentials-copy;
2048;:za:PPB:Core Banking:SAP FI - CAX:UTR05376;15;_-new-template_-discovery-scan-with-credentials-copy;
2049;:za:PPB:Core Banking:Partner Sync:UTR05321;15;_-new-template_-discovery-scan-with-credentials-copy;
2050;:za:PPB:Core Banking:SAP Core SLT:UTR05268;15;_-new-template_-discovery-scan-with-credentials-copy;
2051;:za:PPB:Infrastructure Production Services:Intellimatch South Africa:UTR06791;15;_-new-template_-discovery-scan-with-credentials-copy;
2052;:za:PPB:IT Security:Riskminder:UTR07105;15;_-new-template_-discovery-scan-with-credentials-copy;
2053;:za:PPB:Credit:CDDS - Credit Direct Delivery System:UTR07949;15;_-new-template_-discovery-scan-with-credentials-copy;
2054;:zm:PPB:IT Security:McAfee:UTR05389;36;authentication-test-ssh;
2055;:zm:PPB:Core Banking:Datastore DSX:UTR05375;36;authentication-test-ssh;
2056;:zm:PPB:Africa Regions:Smartpay:UTR05132;36;authentication-test-ssh;
2057;:gh:PPB:IT Security:Active Directory:UTR07119;19;authentication-test-ssh;
2058;:gh:PPB:Core Banking:Datastore DSX:UTR05375;19;authentication-test-ssh;
2059;:gh:PPB:IT Security:Websense / Forcepoint:UTR05481;19;authentication-test-ssh;
2060;:gh:PPB:Payments:Sybrin:UTR05557;19;authentication-test-ssh;
2061;:mu:PPB:IT Security:Active Directory South Africa:UTR07119;29;authentication-test-ssh;
2062;:mw:PPB:IT Security:Websense / Forcepoint:UTR05481;18;authentication-test-ssh;
2063;:mw:PPB:IT Security:Azure Application Proxy:UTR06983;18;authentication-test-ssh;
2064;:mw:PPB:Client Coverage:ATM Application:UTR01039;18;authentication-test-ssh;
2065;:mw:PPB:Core Banking:Datastore DSX:UTR05375;18;authentication-test-ssh;
2066;:mw:PPB:Africa Regions:Unicorn:UTR06704;18;authentication-test-ssh;
2067;:mw:PPB:Integration Platforms:Connect Direct Malawi:UTR06539;18;authentication-test-ssh;
2068;:mw:PPB:IT Security:EPO - McAfee Epolicy Orchestrator:UTR05390;18;authentication-test-ssh;
2069;:mw:PPB:IT Security:McAfee:UTR05389;18;authentication-test-ssh;
2070;:zm:PPB:Payments:GPOD - Generic Proof of Deposit:UTR05488;36;authentication-test-ssh;
2071;:mu:PPB:IT Security:McAfee:UTR05389;29;authentication-test-ssh;
2072;:za:PPB:IT Security:McAfee:UTR05389;15;_-new-template_-discovery-scan-with-credentials-copy;
2073;:cd:PPB:IT Security:Active Directory:UTR07119;31;authentication-test-ssh;
2074;:bw:PPB:IT Security:Active Directory:UTR07119;76;authentication-test-ssh;
2075;:bw:PPB:IT Security:Active Directory South Africa:UTR07119;76;authentication-test-ssh;
2076;:ls:PPB:IT Security:Active Directory South Africa:UTR07119;72;authentication-test-ssh;
2077;:tz:PPB:IT Security:Active Directory South Africa:UTR07119;39;authentication-test-ssh;
2078;:za:PPB:IT Security:Active Directory South Africa:UTR07119;15;_-new-template_-discovery-scan-with-credentials-copy;
2079;:ug:PPB:IT Security:Active Directory South Africa:UTR07119;77;authentication-test-ssh;
2080;:gh:PPB:IT Security:Active Directory South Africa:UTR07119;19;authentication-test-ssh;
2081;:ci:PPB:IT Security:Active Directory South Africa:UTR07119;73;authentication-test-ssh;
2082;:sz:PPB:IT Security:Active Directory South Africa:UTR07119;26;authentication-test-ssh;
2083;:zm:PPB:IT Security:Active Directory South Africa:UTR07119;36;authentication-test-ssh;
2084;:cd:PPB:IT Security:Active Directory South Africa:UTR07119;31;authentication-test-ssh;
2085;:mw:PPB:IT Security:Active Directory:UTR07119;18;authentication-test-ssh;
2086;:mw:PPB:IT Security:Active Directory South Africa:UTR07119;18;authentication-test-ssh;
2087;:mz:PPB:IT Security:Active Directory South Africa:UTR07119;59;authentication-test-ssh;
2088;:ke:PPB:IT Security:Active Directory South Africa:UTR07119;48;authentication-test-ssh;
2089;:ke:PPB:IT Security:Active Directory:UTR07119;48;authentication-test-ssh;
2090;:na:PPB:IT Security:Active Directory South Africa:UTR07119;123;authentication-test-ssh;
2091;:cd:PPB:IT Security:Websense / Forcepoint:UTR05481;31;authentication-test-ssh;
2092;:cd:PPB:Payments:Montran MPS:UTR02213;31;authentication-test-ssh;
2093;:cd:PPB:Infrastructure Production Services:IBM Integration Bus RDC:UTR01951;31;authentication-test-ssh;
2094;:cd:PPB:Core Banking:Datastore DSX:UTR05375;31;authentication-test-ssh;
2095;:zm:PPB:Everyday Banking:Sparrow:UTR05138;36;authentication-test-ssh;
2096;:za:PPB:Standard Bank Financial Consultancy:Elite Wealth:UTR06488;15;_-new-template_-discovery-scan-with-credentials-copy;
2097;:tz:PPB:Africa Regions:Finacle Mobile Banking (USSD):UTR05479;39;authentication-test-ssh;
2098;:tz:PPB:Infrastructure Production Services:GCE - Generic Communications Engine:UTR05484;39;authentication-test-ssh;
2099;:tz:PPB:IT Security:EPO - McAfee Epolicy Orchestrator:UTR05390;39;authentication-test-ssh;
2100;:tz:PPB:IT Security:Active Directory:UTR07119;39;authentication-test-ssh;
2101;:sz:PPB:IT Security:Active Directory:UTR07119;26;authentication-test-ssh;
2102;:sz:PPB:Core Banking:Datastore DSX:UTR05375;26;authentication-test-ssh;
2104;:sz:PPB:IT Security:McAfee:UTR05389;26;authentication-test-ssh;
2105;:sz:PPB:Infrastructure Production Services:IBM MQFTE Swaziland:UTR03405;26;authentication-test-ssh;
2106;:zw:PPB:IT Security:McAfee:UTR05389;41;authentication-test-ssh;
2107;:gh:PPB:Africa Regions:Blueflow:UTR06692;19;authentication-test-ssh;
2108;:gh:PPB:Africa Regions:Finacle Finteller:UTR04828;19;authentication-test-ssh;
2109;:gh:PPB:Africa Regions:Finacle Core Banking:UTR05463;19;authentication-test-ssh;
2110;:gh:PPB:Credit:Finacle Collections Module:UTR06685;19;authentication-test-ssh;
2111;:gh:PPB:Africa Regions:Online Banking (Finacle E-Banking / OCH):UTR04830;19;authentication-test-ssh;
2112;:gh:PPB:ROA:FAS - Finacle Alert Server:UTR05461;19;authentication-test-ssh;
2113;:gh:PPB:Core Banking:TBMS-F:UTR05559;19;authentication-test-ssh;
2114;:gh:PPB:Africa Regions:Finacle Mobile Banking (USSD):UTR05479;19;authentication-test-ssh;
2115;:gh:PPB:Payments:FDC - Finacle Digital Commerce Findoot:UTR04824;19;authentication-test-ssh;
2116;:za:PPB:IT Security:McAfee Antivirus Enterprise:UTR05389;15;_-new-template_-discovery-scan-with-credentials-copy;
2117;:ke:PPB:IT Security:Websense / Forcepoint:UTR05481;48;authentication-test-ssh;
2118;:ke:PPB:IT Security:ForcePoint DLP:UTR07106;48;authentication-test-ssh;
2119;:za:PPB:IT Security:ForcePoint DLP:UTR07106;15;_-new-template_-discovery-scan-with-credentials-copy;
2120;:ke:PPB:IT Security:MFA - Multi Factor Authentication:UTR05901;48;authentication-test-ssh;
2121;:ke:PPB:Africa Regions:Online Banking Kenya (Finacle E-Banking / OCH):UTR04830;48;authentication-test-ssh;
2122;:ke:PPB:Payments:Sybrin:UTR05557;48;authentication-test-ssh;
2123;:za:PPB:IT Security:Websense / Forcepoint:UTR05481;15;_-new-template_-discovery-scan-with-credentials-copy;
2124;:ke:PPB:Core Banking:Datastore DSX:UTR05375;48;authentication-test-ssh;
2125;:ke:PPB:IT Security:McAfee:UTR05389;48;authentication-test-ssh;
2126;:ke:PPB:Integration Platforms:Connect Direct Kenya:UTR06539;48;authentication-test-ssh;
2127;:ke:PPB:Client Coverage:ATM Application:UTR01039;48;authentication-test-ssh;
2128;:ao:PPB:IT Security:Active Directory:UTR07119;52;authentication-test-ssh;
2129;:za:PPB:IT Security:Checkpoint Firewalls:UTR02281;15;_-new-template_-discovery-scan-with-credentials-copy;
2130;:ao:PPB:IT Security:McAfee:UTR05389;52;authentication-test-ssh;
2131;:tz:PPB:IT Security:Websense / Forcepoint:UTR05481;39;authentication-test-ssh;
2132;:tz:PPB:Core Banking:TBMS-F:UTR05559;39;authentication-test-ssh;
2133;:tz:PPB:ROA:FAS - Finacle Alert Server:UTR05461;39;authentication-test-ssh;
2134;:tz:PPB:Africa Regions:Finacle Finteller:UTR04828;39;authentication-test-ssh;
2135;:tz:PPB:Africa Regions:Finacle Core Banking:UTR05463;39;authentication-test-ssh;
2136;:tz:PPB:Africa Regions:Finacle Moby Banker:UTR05354;39;authentication-test-ssh;
2137;:tz:PPB:Africa Regions:Online Banking (Finacle E-Banking / OCH):UTR04830;39;authentication-test-ssh;
2138;:tz:PPB:Infrastructure Production Services:IBM MQFTE Tanzania:UTR03405;39;authentication-test-ssh;
2139;:ao:PPB:Payments:GPOD - Generic Proof of Deposit:UTR05488;52;authentication-test-ssh;
2140;:za:PPB:Infrastructure Production Services:Signplus:UTR06846;15;_-new-template_-discovery-scan-with-credentials-copy;
2141;:za:PPB:Infrastructure Production Services:GCE - Generic Communications Engine:UTR05484;15;_-new-template_-discovery-scan-with-credentials-copy;
2142;:za:PPB:Infrastructure Production Services:Integration Platform (ESB):UTR02279;15;_-new-template_-discovery-scan-with-credentials-copy;
2143;:za:PPB:IT Security:Azure Application Proxy:UTR06983;15;_-new-template_-discovery-scan-with-credentials-copy;
2144;:za:PPB:Payments:Payments Modernization:UTR06959;15;_-new-template_-discovery-scan-with-credentials-copy;
2145;:za:PPB:Credit:PCCM - PowerCurve Customer Management:UTR03274;15;_-new-template_-discovery-scan-with-credentials-copy;
2146;:za:PPB:IT Security:Forcepoint DLP:UTR07106;15;_-new-template_-discovery-scan-with-credentials-copy;